project_id,sprint_velocity,scope_changes,team_load,on_time
1,44.58,314.98,384.33,0
2,83.93,18.35,267.0,0
3,80.93,242.97,174.94,0
4,309.14,31.22,277.26,0
5,235.17,210.75,296.99,0
6,499.44,181.54,54.3,0
7,253.4,355.63,230.32,1
8,93.52,489.43,454.51,1
9,32.16,480.37,435.54,1
10,357.56,137.48,355.14,1
11,249.25,410.03,51.97,0
12,310.85,142.61,337.95,0
13,150.75,429.9,79.35,0
14,82.76,443.14,416.44,1
15,146.78,454.57,109.65,0
16,365.37,387.9,159.22,1
17,412.93,470.72,122.35,1
18,401.39,158.93,456.73,1
19,112.28,167.5,105.35,0
20,455.4,367.91,57.68,1
21,429.56,283.89,167.37,1
22,99.96,41.67,215.97,0
23,491.26,92.63,157.92,0
24,381.93,467.47,202.99,1
25,110.73,37.6,395.56,0
26,55.16,220.56,90.41,0
27,250.36,366.55,390.71,1
28,326.31,466.2,94.03,1
29,256.13,281.47,369.6,1
30,491.1,79.45,30.25,0
31,364.79,239.64,496.5,1
32,88.49,210.93,456.65,0
33,407.13,62.54,161.85,0
34,318.93,160.24,46.12,0
35,192.18,417.05,184.7,0
36,499.8,36.51,28.37,0
37,411.64,109.19,337.25,1
38,492.81,244.99,377.77,1
39,487.3,460.44,264.66,1
40,174.32,465.47,274.32,1
41,77.66,283.25,134.91,0
42,162.21,62.69,390.26,0
43,74.63,110.35,111.97,0
44,208.96,115.34,31.48,0
45,397.69,43.97,377.15,1
46,282.92,431.85,330.96,1
47,297.36,285.75,132.03,0
48,108.94,199.18,127.56,0
49,160.81,172.83,69.17,0
50,244.36,234.42,16.01,0
51,28.07,474.15,87.27,0
52,440.22,130.02,382.43,1
53,57.66,141.41,342.01,0
54,353.49,227.14,138.74,0
55,197.07,241.4,196.03,0
56,403.98,498.41,56.03,1
57,217.87,325.14,181.5,0
58,301.73,284.41,267.34,1
59,287.52,495.13,141.97,1
60,141.04,80.06,97.34,0
61,339.73,273.73,158.78,0
62,273.91,169.18,25.88,0
63,77.43,377.4,301.84,0
64,45.06,57.26,333.43,0
65,69.93,428.25,388.57,1
66,137.69,346.35,425.86,1
67,241.52,103.85,234.05,0
68,224.25,313.82,448.87,1
69,212.98,33.48,21.31,0
70,50.63,436.77,271.05,0
71,498.82,43.78,126.45,0
72,232.99,14.44,172.11,0
73,210.54,455.1,357.44,1
74,10.01,12.57,102.52,0
75,285.93,324.57,41.79,0
76,330.72,63.24,51.67,0
77,96.47,39.34,10.56,0
78,71.55,193.15,182.26,0
79,215.62,13.94,427.16,0
80,472.81,269.77,27.29,0
81,307.86,143.55,483.24,1
82,208.46,118.03,366.36,0
83,260.16,372.53,415.21,1
84,302.68,234.36,410.71,1
85,194.29,290.84,235.99,0
86,212.25,468.86,236.51,1
87,123.22,28.95,463.2,0
88,349.12,257.71,377.56,1
89,206.96,399.41,48.61,0
90,238.31,148.93,486.29,1
91,249.25,47.1,336.24,0
92,314.97,225.32,317.19,1
93,339.41,21.15,155.27,0
94,121.09,48.05,412.38,0
95,139.83,297.59,426.97,1
96,87.76,411.21,389.09,1
97,467.67,230.9,214.91,1
98,218.94,299.47,360.71,1
99,391.53,346.39,87.42,1
100,420.15,454.85,275.38,1
101,363.36,196.79,153.87,0
102,11.05,49.8,409.87,0
103,367.81,54.65,43.21,0
104,321.53,359.57,94.96,0
105,278.86,430.87,255.82,1
106,409.83,227.43,116.95,0
107,105.59,290.27,324.96,0
108,270.9,455.6,310.32,1
109,276.79,148.83,410.41,1
110,99.42,399.67,49.15,0
111,66.87,456.83,298.24,1
112,208.51,64.54,131.9,0
113,411.95,497.98,414.47,1
114,87.4,29.89,337.79,0
115,304.94,464.04,23.66,0
116,296.24,424.06,477.16,1
117,55.54,281.98,452.04,0
118,152.91,226.0,276.24,0
119,154.94,23.06,426.83,0
120,190.46,56.71,453.35,0
121,321.57,50.48,477.82,1
122,185.25,190.6,434.81,1
123,157.21,449.85,400.41,1
124,39.38,161.33,75.79,0
125,486.19,432.0,150.4,1
126,27.27,428.48,163.51,0
127,401.28,403.6,450.47,1
128,493.94,491.91,476.13,1
129,10.94,231.61,296.79,0
130,236.34,272.93,154.18,0
131,216.63,30.39,204.12,0
132,210.05,93.32,246.79,0
133,292.61,476.05,491.07,1
134,370.4,348.53,156.32,1
135,460.85,485.05,361.4,1
136,392.22,395.23,394.77,1
137,247.05,89.06,182.36,0
138,239.77,162.19,209.06,0
139,374.4,148.14,450.31,1
140,398.93,461.87,39.46,1
141,449.67,477.58,485.42,1
142,412.03,469.62,473.23,1
143,251.88,30.32,226.14,0
144,297.4,90.75,366.89,0
145,313.61,372.84,466.57,1
146,211.53,87.81,259.38,0
147,377.44,37.47,302.47,0
148,270.09,435.24,392.3,1
149,218.43,281.55,273.06,0
150,142.2,192.78,496.41,1
151,325.07,167.92,383.06,1
152,126.94,376.0,56.49,0
153,36.5,484.76,144.86,0
154,287.25,412.02,43.99,0
155,479.52,212.52,185.62,1
156,331.78,312.1,433.19,1
157,402.26,478.44,153.5,1
158,71.96,78.92,19.88,0
159,434.59,193.14,235.74,1
160,363.35,400.35,157.18,1
161,339.28,283.86,130.01,0
162,266.07,321.27,350.42,1
163,403.8,319.67,482.71,1
164,48.1,36.7,162.94,0
165,487.86,117.09,321.84,1
166,149.25,362.64,434.83,1
167,159.8,208.98,11.59,0
168,300.83,22.51,143.28,0
169,413.44,288.81,476.15,1
170,39.07,110.53,491.87,0
171,220.38,95.29,153.55,0
172,354.04,304.71,293.7,1
173,476.13,408.46,297.7,1
174,202.58,462.34,237.07,1
175,28.83,155.13,157.59,0
176,369.94,439.41,99.76,1
177,85.72,176.66,65.02,0
178,101.33,53.72,104.08,0
179,496.04,437.98,168.62,1
180,465.2,410.7,172.34,1
181,64.82,206.57,207.31,0
182,330.47,497.99,147.62,1
183,132.7,415.08,99.13,0
184,496.04,220.53,403.52,1
185,174.35,334.65,306.85,1
186,221.89,435.11,141.76,0
187,338.68,476.44,129.22,1
188,131.19,317.19,326.31,0
189,124.16,358.93,196.62,0
190,499.91,489.69,161.33,1
191,188.65,285.95,494.02,1
192,428.81,355.99,342.75,1
193,204.12,390.92,129.13,0
194,401.69,148.04,212.22,0
195,86.52,464.14,347.3,1
196,202.35,330.7,206.88,0
197,366.4,109.56,381.63,1
198,246.39,85.25,270.89,0
199,51.07,407.37,176.84,0
200,312.52,392.04,127.94,1
201,479.78,326.89,332.32,1
202,484.29,131.17,301.34,1
203,285.99,42.72,42.89,0
204,382.93,439.83,496.29,1
205,164.14,465.47,419.82,1
206,196.44,242.51,215.99,0
207,416.66,403.59,111.21,1
208,394.02,306.44,393.45,1
209,310.78,486.8,449.4,1
210,454.47,290.61,295.21,1
211,334.99,259.57,237.22,1
212,90.97,427.77,342.68,1
213,407.34,106.46,150.95,0
214,342.65,21.57,404.43,0
215,46.04,483.14,285.48,1
216,174.7,203.39,343.02,0
217,126.3,163.25,371.3,0
218,367.4,286.94,360.91,1
219,392.66,250.77,209.37,1
220,487.21,398.26,46.89,1
221,376.14,402.7,21.63,1
222,386.94,393.44,298.27,1
223,119.59,144.82,210.1,0
224,214.21,386.95,387.55,1
225,236.14,148.9,175.82,0
226,219.33,124.96,464.74,1
227,398.19,133.98,264.22,0
228,353.56,364.66,483.36,1
229,472.25,85.48,470.6,1
230,178.02,233.6,100.64,0
231,86.08,345.75,395.3,1
232,148.82,435.73,65.99,0
233,138.35,302.85,215.85,0
234,163.6,72.31,375.07,0
235,486.96,112.98,310.09,1
236,223.72,424.09,23.37,0
237,469.83,282.89,483.2,1
238,481.78,231.6,371.14,1
239,32.64,185.5,457.01,0
240,408.68,77.23,212.18,0
241,349.54,323.01,451.48,1
242,53.11,140.41,30.22,0
243,433.4,406.6,342.03,1
244,205.69,393.83,73.43,0
245,479.17,487.96,262.67,1
246,405.28,373.51,372.51,1
247,361.91,153.46,294.39,1
248,160.92,225.74,279.7,0
249,225.15,397.65,431.12,1
250,97.2,131.84,372.96,0
251,455.6,193.69,24.66,0
252,132.76,343.79,482.4,1
253,89.75,472.15,400.6,1
254,459.37,214.74,335.22,1
255,103.0,309.8,143.58,0
256,35.14,44.96,231.13,0
257,231.27,435.89,487.22,1
258,272.93,158.42,103.59,0
259,438.5,411.46,224.28,1
260,280.84,73.26,444.19,0
261,385.66,334.78,328.47,1
262,203.94,319.58,248.33,0
263,497.74,45.73,473.62,1
264,328.74,189.42,54.2,0
265,300.06,124.1,187.57,0
266,465.11,408.25,327.36,1
267,429.46,115.33,316.99,1
268,116.42,432.6,332.85,1
269,60.76,297.42,41.21,0
270,117.97,279.25,426.9,1
271,18.4,327.48,365.49,0
272,409.34,78.56,121.72,0
273,108.82,186.63,330.42,0
274,99.72,317.91,497.23,1
275,207.61,135.42,39.75,0
276,275.75,281.66,434.19,1
277,412.96,330.75,329.06,1
278,174.02,420.05,382.53,1
279,498.06,363.16,443.49,1
280,484.14,344.86,431.29,1
281,70.73,291.16,75.62,0
282,127.45,272.84,162.94,0
283,259.78,455.17,111.3,1
284,445.64,54.98,472.7,1
285,39.73,423.32,439.24,1
286,48.97,263.35,276.57,0
287,304.45,268.75,292.33,1
288,363.68,72.14,325.11,0
289,307.24,375.01,416.23,1
290,342.85,121.27,432.1,1
291,273.53,275.32,219.94,0
292,305.36,11.66,157.12,0
293,430.57,69.05,281.91,0
294,321.36,236.96,151.89,0
295,66.99,188.52,319.5,0
296,357.94,250.66,230.9,1
297,132.06,39.82,495.89,0
298,293.69,64.98,290.17,0
299,66.88,358.39,279.85,0
300,56.69,363.91,306.05,0
301,145.54,107.78,352.32,0
302,335.08,450.24,41.92,1
303,431.49,66.52,490.69,1
304,379.97,181.54,29.73,0
305,499.57,47.08,64.11,0
306,125.25,143.92,66.62,0
307,472.16,23.71,412.98,1
308,28.33,415.02,401.25,1
309,281.63,240.81,331.39,1
310,173.69,467.78,166.23,1
311,430.86,370.83,72.2,1
312,140.99,124.9,175.08,0
313,37.75,222.31,134.38,0
314,360.98,330.47,249.18,1
315,38.78,483.34,354.52,1
316,121.88,46.04,350.44,0
317,205.57,231.92,126.01,0
318,477.97,390.48,363.11,1
319,376.41,299.22,17.8,0
320,59.23,315.81,74.96,0
321,148.0,488.37,358.32,1
322,333.24,58.02,351.66,0
323,56.09,38.74,242.03,0
324,126.65,402.75,237.16,0
325,21.2,213.77,477.58,0
326,307.53,149.49,37.77,0
327,199.82,260.47,106.4,0
328,401.61,97.45,324.55,1
329,495.53,121.04,414.67,1
330,88.12,478.88,230.28,0
331,355.24,342.16,390.19,1
332,101.37,168.66,139.84,0
333,149.24,242.15,294.11,0
334,350.57,18.24,231.35,0
335,242.99,277.15,148.66,0
336,413.72,344.79,161.94,1
337,282.14,184.22,155.22,0
338,422.75,123.61,204.31,0
339,162.36,389.85,208.22,0
340,18.2,465.12,67.91,0
341,142.06,412.06,54.82,0
342,398.99,462.86,432.96,1
343,389.96,232.61,461.09,1
344,192.09,396.26,14.71,0
345,403.62,270.74,463.71,1
346,204.23,123.71,421.68,0
347,364.43,461.93,331.77,1
348,447.84,255.13,72.92,0
349,242.96,142.15,412.5,0
350,286.91,121.21,201.62,0
351,284.65,467.6,283.97,1
352,250.57,276.89,241.36,0
353,56.29,234.96,369.47,0
354,234.63,497.3,345.2,1
355,231.61,362.88,213.55,1
356,428.2,172.29,475.93,1
357,438.51,38.74,386.36,1
358,89.13,241.38,289.14,0
359,346.41,24.6,432.81,1
360,336.24,51.08,30.12,0
361,227.37,427.55,134.35,0
362,449.47,495.41,379.77,1
363,299.29,14.7,375.01,0
364,276.53,95.59,174.18,0
365,464.23,164.64,427.56,1
366,66.79,98.84,85.55,0
367,77.12,240.08,108.88,0
368,356.75,104.18,204.82,0
369,45.44,272.99,170.48,0
370,116.37,253.93,40.26,0
371,489.31,241.73,440.03,1
372,320.86,19.11,26.45,0
373,313.53,104.84,356.56,0
374,54.58,341.13,339.11,0
375,87.28,65.14,148.33,0
376,474.12,117.9,336.62,1
377,82.55,113.42,162.4,0
378,200.0,163.67,417.87,0
379,304.4,305.34,72.24,0
380,159.71,423.47,412.43,1
381,466.48,170.8,37.18,0
382,425.46,115.29,242.79,0
383,364.1,291.25,159.83,1
384,402.11,315.27,116.2,1
385,270.52,236.31,247.22,0
386,179.57,287.1,267.31,0
387,450.37,293.68,480.41,1
388,298.42,353.94,155.02,1
389,189.74,212.14,432.91,1
390,127.38,274.04,469.62,1
391,307.79,167.96,277.66,0
392,364.09,409.28,416.57,1
393,424.06,273.66,26.73,0
394,120.2,252.79,477.4,1
395,255.86,450.42,97.74,1
396,477.59,98.0,261.75,1
397,359.95,191.62,464.74,1
398,219.12,463.33,279.29,1
399,87.94,252.17,19.62,0
400,385.23,137.18,352.21,1
401,44.0,138.55,272.44,0
402,209.49,365.94,114.22,0
403,249.55,380.28,357.04,1
404,224.36,200.8,103.99,0
405,81.6,142.21,404.01,0
406,153.19,236.16,158.13,0
407,85.11,33.58,287.62,0
408,434.23,231.67,383.45,1
409,218.77,323.24,498.63,1
410,380.75,150.57,205.17,0
411,32.81,157.02,475.15,0
412,168.67,224.82,251.92,0
413,229.14,62.41,97.1,0
414,34.79,40.37,31.42,0
415,473.92,24.46,352.5,1
416,242.03,152.28,38.83,0
417,37.14,107.87,246.78,0
418,48.26,302.96,453.13,1
419,102.75,164.32,207.23,0
420,110.93,219.6,85.58,0
421,347.88,284.23,250.56,1
422,224.28,169.28,486.49,1
423,319.08,247.44,362.44,1
424,270.68,232.32,355.91,1
425,74.01,266.43,128.47,0
426,121.4,326.67,57.84,0
427,70.44,343.95,281.46,0
428,419.88,113.38,119.75,0
429,460.31,353.56,254.39,1
430,447.13,296.61,386.15,1
431,468.87,167.57,233.4,1
432,78.45,497.93,156.84,0
433,221.89,484.14,96.71,1
434,258.09,202.78,221.82,0
435,167.37,425.85,180.17,0
436,111.1,339.05,68.56,0
437,391.59,197.44,315.57,1
438,294.58,143.82,274.17,0
439,113.57,242.18,177.75,0
440,244.12,370.14,28.57,0
441,135.4,253.63,116.9,0
442,220.26,45.66,131.14,0
443,319.89,297.88,202.55,1
444,480.84,134.4,416.53,1
445,33.66,210.26,455.21,0
446,12.03,229.72,385.2,0
447,44.71,453.88,375.63,1
448,394.42,394.84,476.86,1
449,454.56,209.5,418.83,1
450,206.43,363.53,21.98,0
451,56.84,360.41,349.59,0
452,449.38,249.67,181.33,1
453,468.01,230.58,235.27,1
454,230.13,192.76,322.27,0
455,79.31,220.67,405.83,0
456,82.12,345.83,210.68,0
457,139.77,136.77,345.56,0
458,135.75,460.08,131.35,0
459,131.56,186.08,237.66,0
460,35.87,371.51,306.89,0
461,107.71,361.52,196.84,0
462,425.71,272.41,298.24,1
463,133.04,102.56,21.08,0
464,298.06,20.96,204.07,0
465,288.78,479.11,258.26,1
466,421.02,371.71,151.42,1
467,14.18,355.23,96.72,0
468,58.16,274.47,273.76,0
469,81.6,212.02,261.96,0
470,77.02,331.84,149.07,0
471,270.28,196.1,400.32,1
472,377.48,201.88,286.89,1
473,478.25,155.69,38.11,0
474,352.2,310.3,396.68,1
475,269.57,359.5,197.77,1
476,276.32,475.04,147.63,1
477,495.49,305.64,387.9,1
478,40.29,72.19,56.96,0
479,475.03,467.36,484.55,1
480,75.74,76.62,429.19,0
481,256.01,115.58,279.66,0
482,400.08,172.03,137.46,0
483,182.17,78.21,149.63,0
484,38.81,41.2,212.23,0
485,89.85,372.04,317.86,0
486,205.97,465.99,109.58,0
487,395.33,423.88,80.34,1
488,437.01,197.78,378.43,1
489,443.78,491.67,159.42,1
490,169.48,338.22,413.28,1
491,35.66,488.09,10.79,0
492,335.59,379.94,222.83,1
493,165.79,190.71,258.34,0
494,305.7,113.31,400.75,1
495,329.51,181.93,461.5,1
496,355.77,221.64,444.98,1
497,313.08,438.97,57.86,1
498,323.92,354.08,364.46,1
499,398.82,301.05,320.33,1
500,305.61,349.84,291.62,1
501,14.64,181.72,368.54,0
502,129.65,306.39,444.28,1
503,79.88,328.43,341.02,0
504,112.73,46.92,460.75,0
505,330.37,467.68,230.51,1
506,455.71,210.66,169.4,1
507,136.88,499.11,170.53,1
508,466.91,97.84,18.5,0
509,272.05,498.55,311.73,1
510,106.45,80.85,401.15,0
511,496.03,74.78,64.58,0
512,194.79,20.72,208.21,0
513,163.78,472.15,197.59,1
514,225.4,268.53,95.46,0
515,59.27,126.9,61.21,0
516,76.33,31.36,118.54,0
517,35.49,177.17,451.79,0
518,49.72,219.86,489.87,0
519,217.47,28.74,438.98,0
520,479.61,311.99,383.79,1
521,178.21,457.32,296.08,1
522,264.04,48.44,187.5,0
523,174.77,196.18,124.57,0
524,395.25,482.64,467.77,1
525,314.22,123.16,224.95,0
526,87.76,141.31,176.92,0
527,285.59,161.36,389.62,1
528,223.97,160.6,455.85,1
529,341.07,480.1,346.53,1
530,338.85,52.1,11.09,0
531,273.93,392.22,171.61,1
532,374.27,22.64,489.37,1
533,102.11,85.23,407.79,0
534,371.08,482.41,206.16,1
535,490.71,468.11,103.16,1
536,374.72,114.06,471.22,1
537,386.68,194.82,101.24,0
538,80.67,480.66,243.15,1
539,92.49,179.86,324.59,0
540,329.76,453.26,187.86,1
541,258.72,394.19,146.12,1
542,264.95,173.91,366.05,1
543,412.83,43.01,10.99,0
544,374.78,206.3,225.57,1
545,398.05,52.62,387.24,1
546,379.31,420.74,301.42,1
547,11.93,459.8,48.51,0
548,111.82,205.2,145.43,0
549,214.34,358.68,116.11,0
550,262.01,236.04,498.89,1
551,102.35,357.95,205.01,0
552,42.19,318.02,259.61,0
553,487.33,115.27,214.49,1
554,110.18,85.23,147.95,0
555,441.21,165.98,290.15,1
556,148.85,427.94,206.96,0
557,246.58,156.82,292.76,0
558,90.5,290.1,224.03,0
559,106.67,356.3,259.77,0
560,451.05,333.62,315.51,1
561,133.78,113.78,119.65,0
562,366.79,15.86,191.49,0
563,187.78,114.34,96.28,0
564,338.86,280.01,115.48,0
565,474.21,65.84,383.53,1
566,355.54,378.82,282.31,1
567,40.66,365.11,196.35,0
568,166.27,261.4,483.42,1
569,266.12,388.99,441.2,1
570,284.88,217.1,473.47,1
571,382.5,129.64,114.68,0
572,433.43,211.16,451.72,1
573,238.83,228.55,315.94,0
574,339.7,138.67,381.82,1
575,136.53,135.14,446.23,0
576,55.89,134.78,385.47,0
577,98.28,117.36,48.87,0
578,306.47,189.57,465.91,1
579,179.91,447.87,487.79,1
580,475.59,99.21,408.55,1
581,144.76,403.6,489.31,1
582,479.17,479.31,472.24,1
583,257.09,258.99,228.26,0
584,287.88,495.48,389.54,1
585,424.59,459.09,396.56,1
586,151.88,27.17,406.88,0
587,54.92,292.46,375.08,0
588,121.64,67.46,45.52,0
589,123.57,458.84,200.48,0
590,65.15,78.93,338.31,0
591,42.29,303.0,143.07,0
592,258.48,47.07,319.06,0
593,45.6,270.92,402.78,0
594,359.98,171.56,231.92,0
595,63.14,80.99,261.26,0
596,348.53,93.03,27.98,0
597,397.06,189.14,337.73,1
598,390.42,119.41,337.6,1
599,176.2,321.35,19.24,0
600,83.76,390.12,20.36,0
601,404.58,393.02,276.45,1
602,351.36,310.77,57.62,0
603,455.02,269.51,29.62,0
604,195.9,439.17,277.16,1
605,473.62,72.58,423.49,1
606,376.21,193.67,228.82,0
607,186.82,453.33,40.93,0
608,224.13,154.99,80.58,0
609,12.6,74.69,441.96,0
610,387.59,482.35,175.7,1
611,471.71,106.84,78.66,0
612,194.59,80.28,293.63,0
613,317.86,12.96,444.75,0
614,449.89,279.98,11.84,0
615,471.7,115.77,226.32,1
616,141.97,109.29,274.63,0
617,259.85,344.46,353.41,1
618,135.6,85.38,211.13,0
619,395.03,367.08,34.77,0
620,181.76,323.59,479.39,1
621,221.55,464.53,280.73,1
622,448.3,352.13,113.06,1
623,273.58,278.29,144.43,0
624,56.29,337.08,472.49,1
625,194.39,240.1,79.96,0
626,73.5,496.84,217.49,0
627,352.13,53.68,477.73,1
628,171.84,256.04,311.72,0
629,459.72,164.77,290.59,1
630,343.42,186.97,149.78,0
631,408.97,224.55,374.75,1
632,166.78,89.52,160.3,0
633,269.06,136.49,440.42,1
634,289.13,361.01,476.63,1
635,135.69,295.31,177.43,0
636,282.58,286.37,229.32,0
637,404.34,491.09,371.38,1
638,358.32,307.5,280.7,1
639,373.69,216.66,197.06,0
640,65.19,32.45,39.9,0
641,486.18,460.16,205.5,1
642,421.77,35.16,148.24,0
643,157.03,461.78,166.84,0
644,151.66,73.3,27.7,0
645,236.49,404.97,165.87,1
646,12.68,281.24,71.51,0
647,207.31,326.7,461.53,1
648,287.99,398.05,77.75,0
649,255.49,332.37,322.49,1
650,97.95,147.73,291.02,0
651,389.64,65.41,277.59,0
652,233.23,209.64,50.1,0
653,238.19,169.03,368.36,0
654,409.34,199.5,231.16,1
655,150.19,92.57,444.78,0
656,421.5,355.5,57.0,1
657,330.48,32.97,152.82,0
658,120.82,234.13,32.56,0
659,55.29,354.21,278.07,0
660,408.45,23.25,101.16,0
661,220.41,30.82,163.72,0
662,35.06,457.09,352.79,1
663,261.75,71.19,263.36,0
664,144.62,130.65,210.74,0
665,34.83,149.59,414.43,0
666,121.12,192.58,347.39,0
667,319.12,30.58,192.81,0
668,454.01,134.22,134.15,0
669,167.61,79.79,240.01,0
670,453.52,297.5,366.58,1
671,220.34,136.08,264.5,0
672,148.41,147.28,225.2,0
673,263.5,83.2,438.73,0
674,472.86,385.35,35.35,1
675,272.17,373.72,282.34,1
676,242.64,308.02,409.18,1
677,59.7,32.37,462.7,0
678,383.15,98.94,140.03,0
679,190.78,339.6,306.76,1
680,298.27,198.67,200.45,0
681,13.76,306.93,253.63,0
682,151.97,74.5,255.5,0
683,432.67,128.85,18.63,0
684,157.34,43.3,236.57,0
685,120.61,368.96,329.53,1
686,60.28,273.75,24.46,0
687,228.1,372.3,36.21,0
688,460.93,434.33,19.45,1
689,145.89,471.01,397.61,1
690,403.18,63.23,246.16,0
691,278.11,77.05,34.53,0
692,407.29,265.13,333.92,1
693,277.02,131.3,406.92,1
694,86.46,402.02,208.78,0
695,305.66,257.06,35.09,0
696,364.72,32.78,386.79,0
697,448.47,120.51,401.31,1
698,459.14,437.62,296.42,1
699,34.36,21.98,414.93,0
700,139.56,488.52,410.95,1
701,166.72,220.28,196.74,0
702,15.66,355.83,75.3,0
703,170.66,90.85,465.73,0
704,379.04,141.6,61.47,0
705,285.24,138.84,101.99,0
706,384.51,160.62,62.13,0
707,115.36,132.9,334.22,0
708,133.8,134.09,415.69,0
709,287.24,306.41,437.75,1
710,141.32,369.59,40.53,0
711,79.12,220.46,440.51,0
712,261.71,192.7,284.38,0
713,434.73,128.48,46.43,0
714,398.59,312.75,57.72,0
715,293.32,380.08,59.56,0
716,435.51,386.35,243.1,1
717,313.73,347.46,278.16,1
718,161.52,343.32,149.49,0
719,373.57,181.69,101.18,0
720,65.48,65.58,233.76,0
721,236.46,419.74,44.37,0
722,260.55,231.41,260.56,0
723,222.72,445.95,473.2,1
724,318.37,92.72,17.09,0
725,167.5,89.08,72.06,0
726,69.2,393.46,488.79,1
727,27.7,271.16,149.07,0
728,217.99,385.9,432.91,1
729,57.57,38.39,99.14,0
730,87.59,469.08,132.14,0
731,358.42,240.21,286.16,1
732,321.99,340.74,312.59,1
733,373.19,417.02,94.06,1
734,350.47,67.23,247.23,0
735,203.63,183.37,51.21,0
736,129.6,422.23,13.24,0
737,361.26,320.12,382.11,1
738,108.5,457.51,114.56,0
739,496.79,86.86,441.91,1
740,263.21,331.11,387.0,1
741,476.26,180.44,462.5,1
742,307.62,219.26,202.82,0
743,306.46,339.02,25.19,0
744,380.45,262.91,352.25,1
745,203.64,217.39,439.51,1
746,113.44,64.65,208.22,0
747,223.23,14.1,318.94,0
748,77.38,111.28,211.11,0
749,39.94,215.42,20.96,0
750,65.54,468.88,257.33,0
751,235.91,160.61,489.97,1
752,326.46,300.05,304.26,1
753,130.83,181.05,257.16,0
754,156.94,377.09,467.64,1
755,171.85,137.76,403.8,0
756,264.42,32.91,133.11,0
757,130.94,113.62,197.67,0
758,103.81,445.05,59.25,0
759,345.19,396.15,429.19,1
760,466.62,166.47,115.24,0
761,398.26,296.11,240.11,1
762,386.89,323.85,367.95,1
763,331.37,311.32,292.78,1
764,45.13,375.75,409.29,1
765,169.64,336.92,417.02,1
766,306.74,146.39,311.58,0
767,281.23,87.06,136.93,0
768,122.75,428.44,34.49,0
769,347.51,279.35,188.72,1
770,377.62,316.41,182.92,1
771,417.58,135.44,161.76,0
772,275.3,236.9,444.48,1
773,299.33,214.04,450.7,1
774,363.4,278.9,484.13,1
775,292.06,102.66,69.72,0
776,203.3,354.58,215.33,0
777,177.52,380.65,63.61,0
778,230.94,127.41,300.86,0
779,108.7,378.57,409.79,1
780,238.04,384.22,366.9,1
781,249.71,489.15,245.4,1
782,286.51,232.78,275.49,0
783,464.86,399.64,458.89,1
784,213.65,478.55,109.07,1
785,27.96,68.38,353.84,0
786,137.52,263.19,485.49,1
787,444.0,249.41,311.08,1
788,299.14,342.87,204.71,1
789,374.82,111.76,67.34,0
790,73.34,397.37,260.58,0
791,24.84,209.23,149.75,0
792,95.14,59.9,126.77,0
793,332.18,155.35,235.49,0
794,469.65,152.63,149.47,0
795,328.36,194.79,496.23,1
796,375.56,67.0,82.3,0
797,346.81,25.33,182.95,0
798,390.61,473.5,383.71,1
799,418.33,269.83,324.73,1
800,393.69,485.66,204.42,1
801,229.18,484.21,116.7,1
802,197.34,435.0,477.07,1
803,133.02,155.05,379.19,0
804,219.98,120.66,485.94,1
805,298.84,368.54,286.58,1
806,262.16,15.67,103.58,0
807,231.94,79.05,144.86,0
808,65.9,296.1,179.56,0
809,373.14,72.87,307.6,0
810,355.82,369.83,356.78,1
811,293.09,492.01,62.77,1
812,401.43,189.67,256.15,1
813,433.65,176.69,138.38,0
814,200.43,125.39,186.41,0
815,24.58,205.87,116.7,0
816,453.92,297.4,466.54,1
817,444.3,388.91,426.25,1
818,484.28,285.61,165.43,1
819,364.32,239.87,32.91,0
820,400.08,94.54,192.59,0
821,153.82,202.13,24.41,0
822,251.59,205.95,258.37,0
823,100.06,223.49,472.75,0
824,440.92,153.49,114.4,0
825,47.28,254.87,316.14,0
826,336.93,436.16,150.61,1
827,15.08,167.76,261.83,0
828,344.13,85.87,43.35,0
829,435.22,483.55,23.43,1
830,483.08,13.15,357.82,1
831,432.54,72.38,284.78,0
832,324.52,450.61,230.66,1
833,448.67,494.03,232.58,1
834,294.03,376.6,53.08,0
835,498.74,229.05,205.38,1
836,414.73,424.12,131.39,1
837,343.03,352.35,60.02,0
838,194.67,286.15,157.03,0
839,193.44,194.56,43.88,0
840,385.12,260.25,133.85,0
841,475.0,320.08,78.25,1
842,237.89,365.88,271.3,1
843,441.32,192.29,89.48,0
844,381.84,450.27,306.89,1
845,83.79,156.21,349.1,0
846,89.92,74.42,335.49,0
847,33.77,476.39,295.16,1
848,369.32,270.23,331.58,1
849,423.5,301.69,465.19,1
850,465.73,86.52,308.68,1
851,191.69,430.04,486.26,1
852,105.46,222.97,480.63,1
853,196.31,192.66,337.86,0
854,420.97,449.48,149.39,1
855,464.4,456.26,349.18,1
856,62.67,249.77,47.35,0
857,265.63,446.34,95.74,1
858,239.67,460.76,142.55,1
859,415.95,119.6,405.85,1
860,186.08,226.57,23.65,0
861,258.79,67.99,219.4,0
862,117.54,117.35,336.97,0
863,346.09,36.37,462.31,1
864,283.9,65.58,437.69,0
865,276.47,433.46,122.4,1
866,294.48,400.02,13.34,0
867,243.62,127.68,85.63,0
868,351.75,369.89,111.88,1
869,273.98,386.09,221.64,1
870,108.54,62.12,284.16,0
871,60.79,269.86,106.26,0
872,128.13,24.67,475.61,0
873,107.18,383.56,349.57,1
874,470.91,490.31,300.06,1
875,130.98,135.35,284.22,0
876,343.84,429.06,160.94,1
877,137.63,233.93,20.49,0
878,22.39,98.93,441.91,0
879,38.86,103.54,306.89,0
880,140.73,486.14,412.7,1
881,239.18,102.2,95.25,0
882,356.46,460.2,160.24,1
883,484.51,160.78,255.1,1
884,169.6,133.69,142.8,0
885,185.48,400.07,434.78,1
886,334.83,50.46,258.54,0
887,213.5,170.27,292.89,0
888,109.97,353.74,499.63,1
889,324.42,236.97,409.22,1
890,282.08,29.75,454.13,0
891,109.2,142.41,145.19,0
892,257.8,182.52,82.57,0
893,225.75,181.48,73.72,0
894,246.66,290.0,122.94,0
895,494.07,340.41,115.22,1
896,208.99,205.86,131.22,0
897,44.7,382.05,146.37,0
898,110.66,51.04,69.08,0
899,21.63,402.96,162.68,0
900,120.39,98.67,108.04,0
901,346.7,251.42,345.74,1
902,242.63,202.83,493.88,1
903,345.07,317.31,345.48,1
904,211.44,75.38,348.93,0
905,258.0,169.45,131.39,0
906,459.73,338.74,23.41,1
907,331.54,361.8,282.29,1
908,87.29,473.73,65.24,0
909,147.28,408.86,344.28,1
910,404.71,470.04,372.75,1
911,294.69,126.17,289.1,0
912,222.11,458.46,453.89,1
913,444.84,105.06,67.62,0
914,426.18,110.86,228.5,0
915,51.11,312.08,248.04,0
916,439.67,485.8,238.66,1
917,452.98,242.17,441.46,1
918,128.03,478.9,116.53,0
919,118.23,489.9,48.76,0
920,96.9,64.02,289.63,0
921,279.76,362.38,100.69,0
922,333.54,324.03,180.47,1
923,186.35,188.41,381.49,0
924,117.96,384.24,473.95,1
925,348.58,341.3,18.82,0
926,312.22,411.24,167.3,1
927,39.19,310.94,159.55,0
928,138.67,93.47,256.34,0
929,460.51,395.4,182.87,1
930,54.78,365.89,177.33,0
931,221.71,206.29,427.34,1
932,403.42,299.62,249.59,1
933,232.84,155.64,237.51,0
934,256.2,452.82,56.04,0
935,248.23,231.96,70.83,0
936,72.81,470.14,91.46,0
937,422.09,99.58,273.4,0
938,175.69,30.43,225.66,0
939,112.2,371.44,489.62,1
940,322.33,77.48,300.58,0
941,151.7,235.38,270.43,0
942,305.79,292.07,105.11,0
943,359.8,226.88,263.51,1
944,237.36,297.75,48.9,0
945,76.98,120.86,11.85,0
946,135.79,45.03,413.97,0
947,63.4,439.54,13.09,0
948,432.04,387.44,281.67,1
949,257.1,415.96,272.71,1
950,267.47,205.14,444.49,1
951,57.39,370.57,164.83,0
952,212.48,222.14,17.94,0
953,70.62,450.41,116.2,0
954,435.27,389.73,30.48,1
955,232.13,393.63,423.04,1
956,138.66,497.99,34.99,0
957,442.53,465.64,199.33,1
958,149.74,362.79,228.5,0
959,256.37,48.13,39.84,0
960,239.9,370.61,447.87,1
961,217.97,236.8,248.41,0
962,84.33,207.66,79.55,0
963,249.69,30.84,251.33,0
964,291.88,38.47,61.66,0
965,175.85,312.93,462.66,1
966,258.57,303.62,481.26,1
967,31.19,457.15,221.69,0
968,389.55,494.02,131.57,1
969,60.6,467.68,342.18,1
970,68.8,388.56,361.62,1
971,187.53,208.34,302.88,0
972,59.75,391.46,361.3,1
973,378.17,470.57,288.95,1
974,342.98,45.94,119.77,0
975,261.81,461.12,234.74,1
976,366.69,114.8,239.72,0
977,202.14,207.35,114.25,0
978,322.38,377.36,309.65,1
979,251.24,499.54,341.64,1
980,35.1,52.26,246.55,0
981,395.97,112.79,340.38,1
982,280.72,68.75,24.46,0
983,341.57,91.93,453.06,1
984,166.08,81.03,324.62,0
985,440.14,58.9,85.31,0
986,104.44,320.95,412.23,1
987,224.01,82.56,301.67,0
988,250.12,155.47,89.27,0
989,89.36,107.81,165.47,0
990,416.91,54.94,81.92,0
991,472.46,78.98,247.82,1
992,497.93,406.87,310.45,1
993,60.9,493.89,117.35,0
994,278.6,382.38,417.75,1
995,341.8,344.19,493.25,1
996,87.19,91.16,297.88,0
997,69.72,437.99,71.01,0
998,493.83,139.34,472.78,1
999,225.9,89.04,31.62,0
1000,426.27,179.84,468.3,1
1001,162.61,375.99,288.85,1
1002,373.58,453.74,146.39,1
1003,162.15,486.21,200.54,1
1004,402.93,59.98,98.11,0
1005,248.36,170.6,495.3,1
1006,422.65,235.4,487.15,1
1007,119.98,282.71,314.38,0
1008,94.58,377.43,116.1,0
1009,85.48,307.49,128.36,0
1010,197.27,260.66,234.86,0
1011,10.6,172.02,223.07,0
1012,158.62,23.84,78.88,0
1013,318.94,482.89,217.64,1
1014,409.38,471.1,44.07,1
1015,235.5,163.33,104.99,0
1016,431.97,33.73,141.08,0
1017,231.62,314.01,197.58,0
1018,473.43,497.59,400.12,1
1019,72.16,438.75,133.73,0
1020,469.09,117.69,457.53,1
1021,310.15,462.4,277.75,1
1022,238.18,60.2,155.49,0
1023,341.57,497.42,405.94,1
1024,353.76,283.68,400.25,1
1025,251.59,350.7,128.0,0
1026,352.54,391.39,66.08,1
1027,68.66,303.88,229.96,0
1028,119.54,134.59,38.02,0
1029,304.01,369.14,230.83,1
1030,370.83,110.02,200.47,0
1031,414.3,426.31,298.08,1
1032,263.28,433.5,480.65,1
1033,257.23,50.97,450.84,0
1034,298.14,175.92,343.67,1
1035,463.15,378.8,82.37,1
1036,140.95,131.55,218.67,0
1037,81.63,149.74,379.81,0
1038,377.41,485.26,421.56,1
1039,453.83,307.84,83.48,1
1040,160.15,427.96,340.39,1
1041,232.13,322.35,61.3,0
1042,167.32,498.67,179.31,1
1043,228.88,452.29,388.15,1
1044,443.72,413.47,372.87,1
1045,349.54,316.3,170.55,1
1046,248.6,207.15,323.52,0
1047,283.23,398.44,311.35,1
1048,467.29,131.92,283.49,1
1049,139.08,480.79,292.21,1
1050,381.54,358.12,254.8,1
1051,100.61,424.56,239.95,0
1052,64.77,348.8,468.57,1
1053,12.4,115.19,182.47,0
1054,278.24,429.06,307.04,1
1055,118.73,392.82,233.89,0
1056,438.2,257.25,63.96,0
1057,102.49,262.66,353.91,0
1058,366.13,212.5,333.69,1
1059,172.55,263.71,236.09,0
1060,341.21,283.47,405.99,1
1061,330.67,162.94,55.06,0
1062,210.27,285.25,366.28,1
1063,174.81,140.26,467.04,0
1064,476.18,53.9,176.47,0
1065,33.18,215.9,290.3,0
1066,275.43,374.5,425.74,1
1067,302.97,356.47,330.66,1
1068,366.09,274.24,369.53,1
1069,466.64,430.48,232.96,1
1070,66.15,144.82,391.82,0
1071,188.1,187.3,239.78,0
1072,336.75,293.16,38.73,0
1073,110.91,419.36,344.6,1
1074,383.67,470.59,171.84,1
1075,385.38,471.09,211.15,1
1076,52.27,58.28,182.75,0
1077,51.42,26.64,275.54,0
1078,27.79,387.77,265.28,0
1079,90.72,31.09,488.92,0
1080,44.31,430.24,167.31,0
1081,430.19,248.83,458.98,1
1082,496.25,496.19,307.16,1
1083,305.48,46.39,68.09,0
1084,415.86,131.62,132.18,0
1085,65.19,156.29,229.55,0
1086,252.79,293.0,112.29,0
1087,419.72,392.3,307.74,1
1088,80.35,263.76,331.81,0
1089,83.78,414.39,489.28,1
1090,411.67,100.26,128.83,0
1091,108.02,145.44,103.82,0
1092,373.63,69.57,240.08,0
1093,49.17,152.55,61.6,0
1094,257.98,207.03,232.09,0
1095,344.26,460.98,453.66,1
1096,41.69,39.93,316.66,0
1097,73.68,475.26,119.2,0
1098,84.51,56.69,137.07,0
1099,286.31,180.19,150.1,0
1100,438.5,166.92,371.56,1
1101,274.78,51.92,118.11,0
1102,377.84,149.5,38.24,0
1103,417.79,160.19,187.61,0
1104,69.56,456.16,238.02,0
1105,124.86,430.96,47.68,0
1106,10.93,21.53,92.3,0
1107,449.36,221.87,471.51,1
1108,322.89,394.0,186.89,1
1109,14.07,336.57,219.41,0
1110,344.53,413.87,205.23,1
1111,270.41,397.43,474.14,1
1112,144.28,211.75,381.15,0
1113,183.11,338.36,84.95,0
1114,213.75,404.06,248.55,1
1115,283.16,155.79,311.58,0
1116,53.57,361.17,57.05,0
1117,355.86,294.44,461.87,1
1118,118.08,498.52,258.64,1
1119,280.88,430.88,186.41,1
1120,179.19,115.64,225.03,0
1121,393.0,355.36,105.08,1
1122,157.25,386.12,436.53,1
1123,286.22,277.41,46.93,0
1124,318.55,86.96,19.79,0
1125,159.18,461.53,499.78,1
1126,415.91,312.48,69.56,0
1127,239.22,447.08,290.61,1
1128,91.74,152.25,255.87,0
1129,221.88,487.55,159.94,1
1130,363.61,224.41,75.01,0
1131,320.91,448.47,89.68,1
1132,287.67,381.75,256.99,1
1133,448.79,380.97,259.39,1
1134,351.53,454.07,274.88,1
1135,44.4,244.64,452.93,0
1136,194.53,225.95,237.5,0
1137,460.62,205.46,161.65,1
1138,428.69,35.85,189.73,0
1139,394.91,481.83,120.76,1
1140,295.22,12.96,133.21,0
1141,474.35,346.85,421.05,1
1142,473.47,231.45,141.41,1
1143,335.79,493.35,15.06,1
1144,52.19,169.68,341.26,0
1145,326.98,305.19,125.46,0
1146,261.89,422.35,11.9,0
1147,495.92,64.22,261.92,1
1148,462.03,466.97,294.23,1
1149,277.96,202.92,299.59,0
1150,200.35,224.84,371.61,0
1151,284.39,217.99,494.44,1
1152,191.86,384.41,206.43,0
1153,140.25,260.54,430.29,1
1154,438.37,225.19,178.35,1
1155,495.84,278.83,460.85,1
1156,142.0,364.09,498.54,1
1157,201.7,470.18,426.69,1
1158,228.52,282.34,129.78,0
1159,25.21,261.22,303.72,0
1160,365.22,432.4,334.1,1
1161,291.79,221.57,222.06,0
1162,362.26,309.05,177.09,1
1163,191.12,18.64,254.83,0
1164,294.33,79.9,86.91,0
1165,377.87,202.44,320.41,1
1166,234.13,76.81,339.21,0
1167,332.53,49.82,419.41,1
1168,195.44,174.25,142.18,0
1169,459.29,337.17,394.8,1
1170,293.28,265.79,326.37,1
1171,123.25,387.77,146.78,0
1172,303.31,483.18,472.34,1
1173,24.48,244.66,483.42,0
1174,424.87,280.26,391.12,1
1175,282.04,326.83,232.8,1
1176,423.97,216.56,342.84,1
1177,168.33,335.25,478.39,1
1178,11.72,496.3,36.95,0
1179,341.65,60.06,412.14,1
1180,114.65,373.0,219.91,0
1181,226.28,294.65,142.94,0
1182,489.98,290.93,375.62,1
1183,255.0,352.02,474.36,1
1184,212.04,172.04,452.01,1
1185,212.04,287.67,496.65,1
1186,498.71,122.9,319.37,1
1187,478.86,338.01,219.94,1
1188,498.61,476.34,300.9,1
1189,413.63,173.14,221.41,1
1190,445.67,415.57,467.75,1
1191,108.31,386.23,366.91,1
1192,76.01,416.3,80.23,0
1193,232.76,317.67,306.58,1
1194,351.63,70.52,303.13,0
1195,343.4,267.17,221.58,1
1196,75.04,132.01,153.03,0
1197,96.17,367.84,54.0,0
1198,150.95,73.79,311.56,0
1199,80.21,334.29,489.1,1
1200,429.76,469.8,163.9,1
1201,476.2,210.61,452.47,1
1202,164.62,324.91,123.48,0
1203,30.19,384.9,50.87,0
1204,76.88,113.92,372.64,0
1205,499.79,458.46,353.93,1
1206,77.79,142.93,426.34,0
1207,384.2,42.99,259.87,0
1208,464.21,183.77,38.88,0
1209,338.1,486.7,473.36,1
1210,14.43,489.01,411.85,1
1211,166.42,287.72,283.17,0
1212,51.3,430.09,16.85,0
1213,172.41,259.25,410.74,1
1214,146.14,440.99,202.78,0
1215,396.35,218.94,69.38,0
1216,311.19,408.11,232.71,1
1217,374.07,447.57,353.29,1
1218,132.44,449.95,283.67,1
1219,372.45,385.37,493.55,1
1220,424.45,23.99,374.65,1
1221,399.86,85.9,87.93,0
1222,80.5,139.68,107.69,0
1223,64.81,476.78,336.24,1
1224,210.15,101.23,462.44,0
1225,477.45,70.88,480.51,1
1226,403.75,247.37,291.92,1
1227,23.9,320.48,82.74,0
1228,22.7,161.39,373.52,0
1229,99.73,428.65,177.53,0
1230,477.23,321.14,379.04,1
1231,235.57,294.91,284.49,1
1232,396.19,26.24,278.56,0
1233,23.82,367.81,390.16,0
1234,44.95,31.33,498.75,0
1235,488.79,150.58,253.24,1
1236,178.36,399.41,443.33,1
1237,151.42,30.11,44.13,0
1238,244.82,375.97,138.06,0
1239,455.85,456.29,43.07,1
1240,445.22,201.15,321.08,1
1241,129.41,313.07,349.14,0
1242,490.1,229.34,431.14,1
1243,225.32,153.94,64.52,0
1244,249.69,246.73,231.57,0
1245,120.23,87.72,342.92,0
1246,155.28,499.78,300.33,1
1247,455.78,310.18,161.24,1
1248,175.51,304.69,45.69,0
1249,407.07,41.95,283.28,0
1250,367.0,277.65,361.57,1
1251,266.23,431.08,472.15,1
1252,469.88,439.36,389.21,1
1253,404.67,100.78,316.15,1
1254,46.87,497.48,122.84,0
1255,437.69,183.38,152.46,0
1256,120.54,266.01,261.88,0
1257,163.93,85.22,310.16,0
1258,449.68,351.51,498.23,1
1259,99.0,171.26,442.47,0
1260,442.17,393.84,164.06,1
1261,418.62,199.37,404.18,1
1262,255.67,275.81,352.13,1
1263,218.34,10.46,386.21,0
1264,97.31,119.99,369.45,0
1265,291.12,417.34,155.22,1
1266,116.81,489.11,310.48,1
1267,437.36,167.69,449.19,1
1268,209.37,285.97,80.65,0
1269,471.51,235.97,23.73,0
1270,356.57,154.53,50.17,0
1271,339.51,229.24,294.11,1
1272,357.39,384.16,440.36,1
1273,30.31,112.19,44.83,0
1274,300.71,116.27,332.51,0
1275,233.51,110.99,222.78,0
1276,196.81,370.56,354.19,1
1277,403.51,208.04,441.66,1
1278,288.46,469.49,15.22,0
1279,393.26,38.61,54.46,0
1280,439.19,329.39,86.72,1
1281,28.61,89.6,141.79,0
1282,368.06,76.79,405.71,1
1283,65.42,176.74,71.56,0
1284,79.39,469.9,183.75,0
1285,284.28,357.91,222.82,1
1286,184.8,455.89,345.24,1
1287,215.0,66.88,37.08,0
1288,216.31,229.96,124.53,0
1289,419.03,460.71,438.86,1
1290,446.35,283.75,431.5,1
1291,326.51,57.92,433.43,1
1292,298.37,51.46,432.62,0
1293,310.2,92.58,253.83,0
1294,462.74,414.12,59.01,1
1295,29.64,92.51,29.7,0
1296,212.96,12.16,430.14,0
1297,356.22,435.46,243.96,1
1298,165.38,284.94,263.8,0
1299,291.29,24.54,265.56,0
1300,343.31,389.5,297.48,1
1301,134.29,98.89,304.36,0
1302,278.04,421.24,413.68,1
1303,362.89,66.66,114.79,0
1304,58.55,160.21,127.57,0
1305,133.14,50.23,384.35,0
1306,285.63,478.03,61.98,1
1307,299.82,386.2,82.55,0
1308,395.35,115.83,133.25,0
1309,27.55,447.87,389.37,1
1310,33.4,132.95,209.27,0
1311,251.15,26.21,198.51,0
1312,417.03,219.08,276.44,1
1313,336.34,57.7,433.0,1
1314,181.82,458.55,88.18,0
1315,393.9,395.8,47.62,1
1316,150.19,68.98,451.71,0
1317,164.45,465.32,113.85,0
1318,493.55,428.72,408.01,1
1319,395.29,20.61,273.71,0
1320,208.77,374.43,41.42,0
1321,239.28,269.13,57.42,0
1322,177.72,326.79,299.29,1
1323,114.1,241.74,438.88,0
1324,61.15,448.5,295.33,1
1325,461.49,389.58,493.85,1
1326,14.56,288.82,235.81,0
1327,254.84,96.79,288.32,0
1328,321.77,389.9,28.02,0
1329,329.42,137.54,32.08,0
1330,218.55,88.8,447.54,0
1331,34.98,349.99,53.92,0
1332,424.35,267.39,57.48,0
1333,490.37,353.91,470.47,1
1334,124.03,364.24,395.91,1
1335,41.06,158.46,334.39,0
1336,427.23,496.09,175.58,1
1337,245.49,324.97,175.61,0
1338,196.13,102.15,202.04,0
1339,275.94,498.58,184.4,1
1340,215.7,320.72,92.0,0
1341,336.17,466.5,487.07,1
1342,141.59,30.91,40.44,0
1343,307.64,464.06,60.12,1
1344,493.18,30.63,494.69,1
1345,232.06,63.36,429.95,0
1346,358.55,45.81,141.36,0
1347,427.01,281.75,153.93,1
1348,80.66,438.81,307.71,1
1349,289.7,421.15,468.41,1
1350,257.03,425.12,185.95,1
1351,368.55,303.77,299.45,1
1352,113.19,322.55,293.09,0
1353,155.54,157.48,50.82,0
1354,457.96,350.27,387.23,1
1355,191.72,302.5,163.67,0
1356,274.26,52.34,384.37,0
1357,458.53,126.78,29.91,0
1358,239.73,347.84,452.82,1
1359,204.24,80.24,293.28,0
1360,121.59,173.73,28.57,0
1361,70.04,284.3,241.65,0
1362,48.62,353.87,428.01,1
1363,145.45,476.65,103.22,0
1364,185.77,119.24,333.63,0
1365,344.68,389.52,95.78,1
1366,361.14,381.08,200.13,1
1367,249.65,204.57,232.28,0
1368,167.19,41.69,41.99,0
1369,375.75,364.48,341.32,1
1370,407.56,264.56,47.55,0
1371,238.54,85.61,398.12,0
1372,222.65,143.2,136.67,0
1373,28.49,399.23,214.89,0
1374,70.5,205.01,440.99,0
1375,213.87,361.46,450.04,1
1376,104.27,282.91,473.95,1
1377,381.79,24.74,423.8,1
1378,352.64,103.97,71.11,0
1379,346.76,259.65,388.16,1
1380,190.24,149.23,207.52,0
1381,88.62,229.76,441.69,0
1382,88.78,262.16,477.48,1
1383,426.84,204.7,124.06,0
1384,490.57,388.87,453.76,1
1385,64.23,193.24,86.56,0
1386,263.62,42.89,384.2,0
1387,58.86,432.68,30.75,0
1388,303.96,199.22,201.41,0
1389,249.46,127.4,428.66,1
1390,305.51,11.1,130.04,0
1391,29.12,12.47,60.1,0
1392,15.98,15.51,136.92,0
1393,183.13,109.32,484.38,0
1394,145.64,264.04,58.97,0
1395,350.06,375.31,23.42,0
1396,393.69,204.37,167.77,0
1397,407.47,199.34,210.72,1
1398,103.75,13.43,359.47,0
1399,212.12,445.55,401.36,1
1400,388.33,373.97,207.43,1
1401,458.89,403.62,203.1,1
1402,121.85,351.09,95.8,0
1403,328.9,171.59,274.94,0
1404,490.59,117.97,497.77,1
1405,190.99,244.24,107.77,0
1406,274.25,13.51,152.01,0
1407,213.21,267.24,125.1,0
1408,305.34,269.81,359.17,1
1409,277.52,428.45,330.48,1
1410,398.74,118.93,431.16,1
1411,386.32,288.91,446.62,1
1412,98.35,409.86,316.68,1
1413,288.61,459.13,160.32,1
1414,450.43,183.02,115.42,0
1415,228.93,461.8,368.85,1
1416,375.38,498.97,281.75,1
1417,291.41,302.85,40.69,0
1418,426.99,101.22,42.06,0
1419,419.82,261.58,485.1,1
1420,14.71,483.5,384.32,1
1421,194.35,52.5,214.56,0
1422,463.14,357.45,178.83,1
1423,123.55,279.89,137.54,0
1424,408.27,189.2,145.25,0
1425,31.3,283.3,217.58,0
1426,27.53,13.24,83.92,0
1427,91.83,402.76,436.06,1
1428,173.55,141.25,428.5,0
1429,133.59,494.74,416.68,1
1430,304.35,221.79,31.73,0
1431,479.79,45.29,92.39,0
1432,455.44,385.01,175.4,1
1433,51.84,421.06,367.69,1
1434,429.8,436.33,468.7,1
1435,321.34,332.55,127.21,0
1436,331.72,269.79,181.08,0
1437,100.12,356.37,351.47,1
1438,192.55,240.33,431.22,1
1439,98.78,299.76,302.93,0
1440,424.41,473.57,130.29,1
1441,213.15,279.56,171.05,0
1442,251.61,354.12,92.12,0
1443,63.14,158.62,56.05,0
1444,421.2,208.6,164.24,0
1445,113.22,488.13,162.17,0
1446,384.44,126.99,60.2,0
1447,354.53,486.91,208.03,1
1448,196.46,270.43,169.06,0
1449,472.61,201.01,186.47,1
1450,137.78,390.68,371.91,1
1451,16.23,27.73,290.41,0
1452,288.33,381.9,433.88,1
1453,476.4,17.77,161.32,0
1454,99.72,39.39,155.22,0
1455,480.74,187.58,214.74,1
1456,413.48,452.23,380.92,1
1457,126.55,200.62,134.85,0
1458,131.44,344.68,409.52,1
1459,377.89,251.09,177.06,1
1460,374.63,27.55,383.77,0
1461,393.54,293.02,70.57,0
1462,12.24,346.43,453.09,1
1463,241.22,45.74,86.54,0
1464,167.09,283.88,325.49,0
1465,256.87,32.06,405.89,0
1466,344.92,352.28,346.85,1
1467,458.75,273.74,284.56,1
1468,208.54,129.52,252.09,0
1469,327.67,446.8,248.45,1
1470,468.95,441.94,20.58,1
1471,436.29,304.21,296.77,1
1472,396.88,27.77,398.29,1
1473,147.61,273.24,259.09,0
1474,431.9,228.89,402.53,1
1475,306.79,417.13,429.72,1
1476,464.62,456.51,187.73,1
1477,198.05,432.74,68.52,0
1478,190.13,429.1,490.55,1
1479,244.51,101.15,408.16,0
1480,14.36,142.34,381.31,0
1481,97.21,190.58,349.21,0
1482,242.95,315.12,233.06,0
1483,280.74,445.51,146.77,1
1484,215.05,434.16,164.37,1
1485,148.82,264.32,31.87,0
1486,174.79,493.27,460.97,1
1487,376.11,17.88,117.26,0
1488,450.26,391.08,432.16,1
1489,346.23,391.5,167.45,1
1490,446.2,374.09,446.2,1
1491,24.52,189.46,351.42,0
1492,96.87,32.97,385.02,0
1493,321.76,321.24,459.68,1
1494,64.24,117.62,188.85,0
1495,492.39,363.48,35.68,1
1496,454.12,39.93,278.78,0
1497,436.04,478.42,76.62,1
1498,56.8,197.76,455.71,0
1499,32.89,338.85,362.47,0
1500,224.87,298.42,343.77,1
1501,147.72,466.9,441.54,1
1502,342.64,357.48,53.36,0
1503,463.85,360.79,423.72,1
1504,221.79,235.48,238.25,0
1505,284.06,164.76,475.07,1
1506,460.12,213.81,152.29,1
1507,165.47,475.29,203.36,1
1508,303.31,404.32,156.93,1
1509,99.06,22.25,106.63,0
1510,53.42,197.68,267.58,0
1511,113.66,62.72,158.75,0
1512,99.49,68.92,105.11,0
1513,472.19,433.75,434.8,1
1514,393.25,336.58,490.39,1
1515,180.96,135.47,139.62,0
1516,416.11,483.58,404.57,1
1517,470.73,418.88,348.57,1
1518,476.73,379.98,206.78,1
1519,434.09,364.78,161.88,1
1520,95.48,187.26,384.28,0
1521,143.5,146.31,130.98,0
1522,296.05,190.92,311.84,0
1523,450.21,239.82,470.03,1
1524,260.73,451.12,356.42,1
1525,192.8,280.34,453.13,1
1526,246.31,52.2,400.24,0
1527,136.49,156.29,85.46,0
1528,209.64,272.6,19.76,0
1529,128.11,364.56,302.18,0
1530,446.32,478.28,456.67,1
1531,362.17,266.65,151.79,0
1532,244.79,233.89,73.18,0
1533,420.42,370.99,476.26,1
1534,432.43,360.98,49.51,1
1535,371.24,152.85,241.98,0
1536,41.64,217.03,30.63,0
1537,213.23,452.17,278.77,1
1538,228.22,287.71,190.34,0
1539,164.87,269.0,374.9,1
1540,210.76,11.51,13.73,0
1541,164.48,469.26,266.04,1
1542,375.09,491.83,453.43,1
1543,139.86,239.99,61.18,0
1544,380.02,41.91,125.34,0
1545,289.84,118.52,375.76,0
1546,238.04,432.57,479.41,1
1547,392.69,290.76,323.42,1
1548,173.25,320.61,490.81,1
1549,281.37,481.23,31.52,0
1550,104.21,336.42,398.36,1
1551,17.54,122.34,337.07,0
1552,135.86,348.7,482.78,1
1553,226.56,289.23,59.07,0
1554,203.93,133.78,199.0,0
1555,241.72,490.36,460.73,1
1556,52.39,276.36,25.07,0
1557,159.55,309.13,56.72,0
1558,347.48,168.8,257.9,0
1559,363.1,474.33,150.78,1
1560,86.39,237.36,261.93,0
1561,65.52,455.94,118.62,0
1562,496.34,339.86,43.08,1
1563,350.52,191.53,386.59,1
1564,63.36,411.9,81.58,0
1565,54.01,387.72,334.37,0
1566,471.11,25.34,184.85,0
1567,75.44,168.67,420.44,0
1568,218.02,80.32,375.87,0
1569,376.54,327.06,61.13,0
1570,319.18,255.65,377.52,1
1571,121.16,425.19,315.68,1
1572,387.78,284.11,213.71,1
1573,242.31,395.61,260.5,1
1574,454.35,198.44,190.49,1
1575,141.71,294.94,42.05,0
1576,250.26,20.52,187.67,0
1577,80.91,109.42,82.68,0
1578,140.22,48.93,476.54,0
1579,422.63,358.36,60.43,1
1580,197.55,128.02,214.11,0
1581,58.51,314.14,474.89,1
1582,491.84,123.49,304.89,1
1583,75.99,151.54,277.71,0
1584,61.94,204.14,265.89,0
1585,421.96,78.91,401.39,1
1586,401.9,296.68,383.05,1
1587,291.04,326.9,310.83,1
1588,313.14,19.78,93.71,0
1589,403.24,441.81,236.78,1
1590,98.75,232.93,174.12,0
1591,407.31,302.03,385.04,1
1592,63.26,181.59,27.36,0
1593,497.6,406.04,263.77,1
1594,470.52,237.87,399.24,1
1595,434.23,497.32,180.03,1
1596,35.51,400.13,23.17,0
1597,346.46,220.92,131.89,0
1598,334.74,199.65,362.66,1
1599,168.44,343.99,184.68,0
1600,148.14,268.38,275.72,0
1601,298.91,472.13,66.65,1
1602,111.35,159.11,123.69,0
1603,284.97,486.61,187.7,1
1604,215.42,110.19,438.44,0
1605,275.31,420.91,482.42,1
1606,105.92,28.71,205.05,0
1607,387.76,412.23,401.74,1
1608,84.4,435.98,387.39,1
1609,364.13,71.95,17.43,0
1610,418.92,158.13,83.05,0
1611,443.39,17.15,131.32,0
1612,317.61,443.89,286.57,1
1613,59.89,155.07,110.68,0
1614,398.4,95.74,64.24,0
1615,148.96,18.81,237.41,0
1616,475.39,71.25,335.27,1
1617,113.23,148.49,129.0,0
1618,437.51,356.82,373.42,1
1619,213.87,382.36,41.07,0
1620,65.23,393.98,417.26,1
1621,468.63,303.68,388.18,1
1622,283.24,182.96,365.57,1
1623,56.3,115.2,360.44,0
1624,279.6,269.54,158.17,0
1625,149.08,301.49,261.36,0
1626,439.0,171.74,261.09,1
1627,236.59,308.76,425.55,1
1628,179.23,314.74,242.62,0
1629,200.88,491.84,195.78,1
1630,346.12,53.94,246.29,0
1631,267.83,259.27,374.85,1
1632,380.05,359.33,145.52,1
1633,211.54,143.42,92.61,0
1634,166.58,447.03,192.45,1
1635,188.79,124.2,79.47,0
1636,31.1,359.02,351.67,0
1637,189.04,254.47,237.99,0
1638,161.89,150.44,494.8,1
1639,89.3,163.13,215.62,0
1640,424.93,318.86,475.17,1
1641,103.53,304.77,332.9,0
1642,94.74,155.13,449.01,0
1643,145.72,137.5,379.23,0
1644,340.79,265.51,29.78,0
1645,104.94,25.18,428.66,0
1646,454.53,428.21,450.41,1
1647,250.72,220.77,161.93,0
1648,66.31,229.84,107.87,0
1649,318.16,283.23,469.98,1
1650,454.4,52.4,352.24,1
1651,69.02,206.28,257.89,0
1652,273.35,470.79,455.49,1
1653,165.62,189.85,133.61,0
1654,231.45,235.66,91.81,0
1655,149.82,464.18,338.94,1
1656,74.56,173.95,416.53,0
1657,25.95,435.83,295.49,0
1658,148.18,316.1,181.31,0
1659,477.88,315.27,54.83,1
1660,55.78,418.21,142.98,0
1661,149.61,251.37,271.37,0
1662,129.04,354.92,366.58,1
1663,431.0,145.38,276.17,1
1664,301.59,138.05,314.64,0
1665,394.84,73.17,349.33,1
1666,220.39,275.09,181.34,0
1667,441.41,122.19,174.71,0
1668,268.89,313.35,458.34,1
1669,458.24,163.33,275.12,1
1670,333.12,301.22,10.63,0
1671,411.37,122.26,210.04,0
1672,432.28,228.16,388.82,1
1673,418.5,285.46,100.7,1
1674,413.94,167.59,498.93,1
1675,149.49,77.96,122.52,0
1676,351.39,303.45,83.6,0
1677,340.13,85.43,453.51,1
1678,159.94,153.26,152.41,0
1679,312.88,395.14,280.51,1
1680,215.99,212.06,224.09,0
1681,321.38,123.47,471.37,1
1682,229.34,373.19,354.33,1
1683,355.31,57.02,405.47,1
1684,324.24,398.53,473.27,1
1685,332.41,96.21,451.97,1
1686,135.68,201.01,53.89,0
1687,457.85,329.07,43.88,1
1688,59.5,320.64,243.25,0
1689,100.18,398.24,341.92,1
1690,110.75,348.17,268.61,0
1691,33.73,271.77,54.27,0
1692,331.01,90.35,214.49,0
1693,11.94,452.48,483.0,1
1694,91.41,104.1,223.03,0
1695,290.22,273.06,496.44,1
1696,88.57,439.48,159.4,0
1697,50.7,288.87,246.91,0
1698,233.56,461.85,385.0,1
1699,247.81,183.65,275.61,0
1700,122.64,244.31,261.13,0
1701,19.94,355.02,254.83,0
1702,238.93,208.17,438.5,1
1703,192.93,269.17,144.71,0
1704,295.52,307.98,39.69,0
1705,103.42,213.12,143.81,0
1706,157.77,400.86,20.26,0
1707,335.62,262.35,28.64,0
1708,218.43,446.81,430.03,1
1709,144.04,98.37,166.0,0
1710,328.52,383.61,400.22,1
1711,115.21,281.3,25.79,0
1712,37.57,365.81,250.05,0
1713,188.81,495.89,232.2,1
1714,293.04,489.03,25.69,1
1715,324.42,19.13,201.84,0
1716,61.49,343.48,143.66,0
1717,183.63,36.65,277.5,0
1718,213.41,268.93,419.92,1
1719,259.36,60.68,322.0,0
1720,22.25,353.01,12.22,0
1721,173.25,224.16,122.31,0
1722,228.79,19.41,429.88,0
1723,170.97,401.86,176.3,0
1724,245.96,93.98,302.0,0
1725,227.76,257.25,287.47,0
1726,443.21,47.21,88.09,0
1727,305.16,348.02,453.75,1
1728,30.54,162.09,111.63,0
1729,436.3,64.77,209.35,0
1730,395.09,192.22,374.65,1
1731,193.1,204.94,185.57,0
1732,443.78,360.62,130.38,1
1733,401.91,157.53,348.86,1
1734,22.31,115.81,341.74,0
1735,206.31,63.25,145.15,0
1736,495.12,188.62,450.45,1
1737,11.87,215.65,244.75,0
1738,160.13,182.4,169.19,0
1739,265.91,87.37,418.84,0
1740,86.47,401.64,298.85,0
1741,352.49,335.33,194.83,1
1742,242.67,401.41,402.2,1
1743,75.32,11.31,339.01,0
1744,429.82,135.08,499.86,1
1745,421.8,468.67,119.87,1
1746,201.34,200.34,28.88,0
1747,389.12,259.19,335.18,1
1748,479.37,196.93,413.21,1
1749,490.77,90.8,210.6,0
1750,254.19,249.84,23.85,0
1751,470.57,126.26,182.03,0
1752,454.9,208.58,30.23,0
1753,185.46,399.69,337.05,1
1754,425.1,198.3,41.58,0
1755,196.33,323.55,478.98,1
1756,483.74,49.94,260.66,0
1757,33.86,331.35,361.94,0
1758,364.81,356.39,352.18,1
1759,116.24,363.53,431.62,1
1760,228.21,21.39,78.93,0
1761,414.18,173.0,81.55,0
1762,142.94,107.48,406.78,0
1763,80.4,210.13,175.03,0
1764,269.31,408.99,457.22,1
1765,245.48,245.1,174.87,0
1766,58.19,251.6,289.0,0
1767,63.19,93.5,233.2,0
1768,401.21,309.28,253.92,1
1769,448.5,134.36,336.95,1
1770,119.17,434.24,27.23,0
1771,496.92,434.12,440.97,1
1772,123.47,321.97,274.44,0
1773,340.01,23.62,315.42,0
1774,35.41,386.59,283.37,0
1775,441.23,419.2,119.63,1
1776,456.76,222.87,118.75,0
1777,214.72,400.54,431.22,1
1778,19.4,16.04,273.61,0
1779,484.53,328.65,487.54,1
1780,396.38,476.97,404.12,1
1781,260.94,120.35,428.99,1
1782,43.48,197.6,451.91,0
1783,280.4,383.27,278.09,1
1784,182.75,275.27,437.71,1
1785,208.93,114.46,216.53,0
1786,338.76,342.11,277.14,1
1787,47.22,162.28,449.81,0
1788,135.56,190.03,334.58,0
1789,378.05,348.05,179.51,1
1790,310.01,124.02,72.65,0
1791,90.56,457.83,234.6,0
1792,479.01,214.75,476.94,1
1793,496.28,203.46,146.53,1
1794,346.44,437.93,389.03,1
1795,425.01,472.88,107.47,1
1796,111.25,121.32,144.98,0
1797,75.58,90.04,69.53,0
1798,129.77,327.14,477.57,1
1799,459.78,144.67,476.97,1
1800,443.71,295.81,388.39,1
1801,420.68,183.47,332.01,1
1802,482.14,43.18,231.69,0
1803,359.45,463.25,289.35,1
1804,24.24,223.92,243.89,0
1805,174.72,186.32,150.67,0
1806,260.0,152.09,199.2,0
1807,67.93,386.59,163.09,0
1808,121.13,13.68,181.6,0
1809,186.47,414.64,135.65,0
1810,31.45,399.74,384.57,1
1811,37.36,319.52,274.87,0
1812,488.4,234.55,404.17,1
1813,399.13,292.89,11.75,0
1814,409.68,73.67,225.84,0
1815,499.57,25.06,313.64,1
1816,280.87,264.72,190.57,0
1817,210.92,317.4,448.99,1
1818,410.63,88.17,349.49,1
1819,47.8,87.02,104.75,0
1820,206.18,203.5,15.34,0
1821,416.55,44.85,400.59,1
1822,338.78,263.67,103.87,0
1823,468.37,280.19,66.8,1
1824,128.61,317.66,302.97,0
1825,107.04,176.75,239.2,0
1826,248.2,268.86,50.34,0
1827,147.96,225.28,131.22,0
1828,70.15,451.95,23.75,0
1829,238.39,83.17,215.84,0
1830,430.16,495.37,176.84,1
1831,354.04,385.64,185.79,1
1832,300.44,119.55,486.61,1
1833,170.26,55.35,399.12,0
1834,472.65,130.85,113.69,0
1835,406.34,244.48,450.8,1
1836,293.12,345.92,17.64,0
1837,30.62,444.44,237.91,0
1838,399.7,346.54,190.37,1
1839,258.02,258.36,109.25,0
1840,368.73,483.71,274.31,1
1841,82.73,440.39,45.87,0
1842,47.75,220.0,294.56,0
1843,218.35,10.02,160.41,0
1844,120.3,109.27,199.27,0
1845,315.18,337.94,183.91,1
1846,450.62,33.02,50.97,0
1847,462.0,287.35,249.99,1
1848,450.93,149.33,378.52,1
1849,80.77,488.56,36.79,0
1850,337.72,161.49,217.01,0
1851,148.86,19.15,134.17,0
1852,296.36,385.96,266.87,1
1853,57.09,268.88,39.39,0
1854,271.63,282.96,375.89,1
1855,449.89,195.94,86.52,0
1856,208.88,252.75,150.45,0
1857,108.48,55.44,192.78,0
1858,303.29,483.85,457.23,1
1859,27.78,404.85,197.8,0
1860,106.61,317.24,220.72,0
1861,24.24,463.91,394.17,1
1862,12.59,184.69,464.42,0
1863,464.97,458.31,150.35,1
1864,12.0,217.59,459.52,0
1865,69.24,82.98,347.95,0
1866,289.05,47.22,193.27,0
1867,138.59,458.64,365.4,1
1868,366.38,62.71,460.8,1
1869,328.93,336.09,288.78,1
1870,355.77,120.04,466.09,1
1871,56.76,192.25,34.5,0
1872,403.99,409.58,78.31,1
1873,495.94,18.56,363.28,1
1874,295.44,23.8,98.52,0
1875,486.75,93.73,139.47,0
1876,162.22,165.89,103.52,0
1877,453.89,190.06,362.44,1
1878,364.89,51.37,120.84,0
1879,393.2,420.1,229.23,1
1880,285.35,87.81,433.08,1
1881,53.52,186.82,136.89,0
1882,48.72,76.81,365.77,0
1883,425.61,65.03,341.03,1
1884,311.68,356.06,243.5,1
1885,231.04,491.76,410.87,1
1886,263.7,166.02,139.99,0
1887,245.79,119.41,350.13,0
1888,175.83,83.07,418.56,0
1889,161.23,53.31,246.64,0
1890,445.35,61.5,162.72,0
1891,248.8,382.26,183.87,1
1892,346.75,160.24,225.57,0
1893,411.06,54.78,250.78,0
1894,132.66,496.94,39.09,0
1895,411.41,161.54,494.76,1
1896,105.34,208.18,133.18,0
1897,449.65,246.08,23.07,0
1898,335.99,394.83,106.54,1
1899,213.87,482.89,167.67,1
1900,381.35,377.88,159.73,1
1901,325.97,94.66,62.48,0
1902,174.45,485.22,142.95,1
1903,255.95,377.02,447.13,1
1904,13.62,440.3,110.52,0
1905,117.13,365.89,123.32,0
1906,425.77,149.8,73.96,0
1907,208.32,257.6,463.59,1
1908,455.69,85.56,448.17,1
1909,490.57,154.73,454.28,1
1910,274.53,42.7,35.09,0
1911,50.06,346.52,121.34,0
1912,250.65,412.02,333.48,1
1913,405.65,176.88,157.96,0
1914,440.27,254.36,218.26,1
1915,319.53,262.01,20.92,0
1916,243.79,306.84,495.92,1
1917,451.64,75.56,172.03,0
1918,296.4,218.8,254.46,0
1919,238.98,154.57,305.76,0
1920,200.23,48.99,276.97,0
1921,328.35,134.72,385.91,1
1922,270.39,91.12,53.66,0
1923,497.68,258.17,246.62,1
1924,487.96,67.66,451.28,1
1925,98.5,44.38,67.13,0
1926,67.57,97.93,223.59,0
1927,241.1,320.56,272.27,1
1928,441.31,433.72,200.5,1
1929,105.05,393.34,406.01,1
1930,140.0,307.69,154.98,0
1931,256.76,107.41,55.62,0
1932,289.39,292.41,370.5,1
1933,39.11,22.67,110.02,0
1934,359.35,364.37,310.34,1
1935,461.99,355.78,287.6,1
1936,332.44,82.24,478.3,1
1937,194.15,455.83,394.11,1
1938,14.57,104.87,172.28,0
1939,320.45,392.9,33.47,0
1940,321.56,464.0,236.74,1
1941,470.16,54.07,25.81,0
1942,108.23,319.46,195.84,0
1943,497.49,392.77,485.48,1
1944,96.32,457.72,440.76,1
1945,350.49,38.09,394.36,0
1946,450.52,76.16,81.63,0
1947,467.49,333.14,32.64,1
1948,317.32,153.47,358.51,1
1949,77.33,176.57,460.14,0
1950,460.58,91.3,269.65,1
1951,258.45,275.25,105.44,0
1952,248.4,120.22,239.64,0
1953,26.92,25.94,421.27,0
1954,343.66,394.79,318.66,1
1955,184.74,92.84,242.5,0
1956,162.72,443.29,429.39,1
1957,396.9,166.74,443.57,1
1958,397.75,51.99,495.03,1
1959,235.37,455.04,449.97,1
1960,356.33,128.8,308.77,0
1961,193.37,61.84,235.71,0
1962,35.24,360.63,388.63,0
1963,304.32,14.7,204.96,0
1964,90.12,192.38,376.23,0
1965,185.37,330.76,291.98,1
1966,12.18,395.41,42.86,0
1967,435.97,263.47,470.86,1
1968,368.76,355.32,243.58,1
1969,118.62,228.78,52.91,0
1970,35.45,79.07,18.68,0
1971,122.98,216.87,80.2,0
1972,85.56,226.38,397.02,0
1973,168.62,201.37,31.64,0
1974,470.03,79.35,248.69,0
1975,274.08,322.35,438.15,1
1976,162.68,304.66,441.59,1
1977,139.0,116.57,137.5,0
1978,188.03,270.97,419.61,1
1979,247.18,483.42,110.18,1
1980,260.1,424.34,46.6,0
1981,320.62,249.56,51.37,0
1982,340.28,141.45,144.7,0
1983,294.29,360.43,328.33,1
1984,495.07,101.27,181.79,0
1985,371.7,488.39,339.05,1
1986,216.21,124.43,286.7,0
1987,80.03,88.19,97.29,0
1988,77.86,297.94,473.78,1
1989,281.73,124.51,44.01,0
1990,423.94,211.07,263.55,1
1991,408.22,493.83,70.3,1
1992,185.49,208.52,368.65,0
1993,455.32,308.72,432.87,1
1994,492.69,101.06,314.32,1
1995,291.97,123.16,381.83,0
1996,133.3,195.62,50.69,0
1997,206.28,354.2,18.79,0
1998,270.01,140.06,314.58,0
1999,201.43,355.1,439.66,1
2000,76.98,197.54,307.92,0
